{
  "optimal_params": {
    "epsilon": 0.001,
    "gamma": 1000.0,
    "nbeta": 0.8207331788168325,
    "llc_mean": 4.7620038986206055,
    "llc_std": 2.206007957458496,
    "llc_std_over_mean": 0.7107847929000854,
    "beta_source": "tuned",
    "gamma_source": "fixed_config",
    "mala_acceptance": 0.388888955116272
  },
  "calibration_epsilons": [
    1e-06,
    1e-05,
    0.0001,
    0.001
  ],
  "model_parameters": 699066,
  "checkpoint_name": "checkpoint-s:500000_gamma_1000.0"
}