{
  "optimal_params": {
    "epsilon": 9.999999999999999e-05,
    "gamma": 20000.0,
    "nbeta": 0.8207331788168325,
    "llc_mean": 0.20887228846549988,
    "llc_std": 0.18928590416908264,
    "llc_std_over_mean": 1.7137569189071655,
    "beta_source": "tuned",
    "gamma_source": "fixed_config",
    "mala_acceptance": 0.4741811752319336
  },
  "calibration_epsilons": [
    1e-06,
    1e-05,
    0.0001,
    0.001
  ],
  "model_parameters": 699066,
  "checkpoint_name": "checkpoint-s:383418_gamma_20000.0"
}