{
  "optimal_params": {
    "epsilon": 9.999999999999999e-06,
    "gamma": 1000.0,
    "nbeta": 0.8207331788168325,
    "llc_mean": 0.3897908329963684,
    "llc_std": 0.2818644344806671,
    "llc_std_over_mean": 0.5452800989151001,
    "beta_source": "tuned",
    "gamma_source": "fixed_config",
    "mala_acceptance": 0.03068680316209793
  },
  "calibration_epsilons": [
    1e-06,
    1e-05,
    0.0001,
    0.001
  ],
  "model_parameters": 699066,
  "checkpoint_name": "checkpoint-s:162_gamma_1000.0"
}