{
  "optimal_params": {
    "epsilon": 9.999999999999999e-05,
    "gamma": 1000.0,
    "nbeta": 0.8207331788168325,
    "llc_mean": 0.45958632230758667,
    "llc_std": 0.041414253413677216,
    "llc_std_over_mean": 0.11606140434741974,
    "beta_source": "tuned",
    "gamma_source": "fixed_config",
    "mala_acceptance": 0.5022363662719727
  },
  "calibration_epsilons": [
    1e-06,
    1e-05,
    0.0001,
    0.001
  ],
  "model_parameters": 699066,
  "checkpoint_name": "checkpoint-s:9017_gamma_1000.0"
}