{
  "optimal_params": {
    "epsilon": 1e-06,
    "gamma": 5.0,
    "nbeta": 0.8207331788168325,
    "llc_mean": 0.007364553399384022,
    "llc_std": 0.0052953860722482204,
    "llc_std_over_mean": 1.4020570516586304,
    "beta_source": "tuned",
    "gamma_source": "fixed_config",
    "mala_acceptance": 0.8780343532562256
  },
  "calibration_epsilons": [
    1e-06,
    1e-05,
    0.0001,
    0.001
  ],
  "model_parameters": 699066,
  "checkpoint_name": "checkpoint-s:26327_gamma_5.0"
}