{
  "optimal_params": {
    "epsilon": 9.999999999999999e-06,
    "gamma": 20.0,
    "nbeta": 0.8207331788168325,
    "llc_mean": 0.02774135209619999,
    "llc_std": 0.02639084681868553,
    "llc_std_over_mean": 0.9887841939926147,
    "beta_source": "tuned",
    "gamma_source": "fixed_config",
    "mala_acceptance": 0.8789840936660767
  },
  "calibration_epsilons": [
    1e-06,
    1e-05,
    0.0001,
    0.001
  ],
  "model_parameters": 699066,
  "checkpoint_name": "checkpoint-s:8_gamma_20.0"
}