{
  "optimal_params": {
    "epsilon": 9.999999999999999e-05,
    "gamma": 5000.0,
    "nbeta": 82.07331788168325,
    "llc_mean": 0.052973151206970215,
    "llc_std": 0.04587709531188011,
    "llc_std_over_mean": 0.9360255599021912,
    "beta_source": "default",
    "gamma_source": "fixed_config",
    "mala_acceptance": 0.6992756128311157
  },
  "calibration_epsilons": [
    1e-06,
    1e-05,
    0.0001,
    0.001
  ],
  "model_parameters": 699066,
  "checkpoint_name": "checkpoint-s:131331_gamma_5000.0"
}