{
  "optimal_params": {
    "epsilon": 1e-06,
    "gamma": 5000.0,
    "nbeta": 0.8207331788168325,
    "llc_mean": 0.040570586919784546,
    "llc_std": 0.027533018961548805,
    "llc_std_over_mean": 0.711355447769165,
    "beta_source": "tuned",
    "gamma_source": "fixed_config",
    "mala_acceptance": 0.22627772390842438
  },
  "calibration_epsilons": [
    1e-06,
    1e-05,
    0.0001,
    0.001
  ],
  "model_parameters": 699066,
  "checkpoint_name": "checkpoint-s:131331_gamma_5000.0"
}