{
  "optimal_params": {
    "epsilon": 9.999999999999999e-05,
    "gamma": 20000.0,
    "nbeta": 0.8207331788168325,
    "llc_mean": 0.3524588644504547,
    "llc_std": 0.8160209655761719,
    "llc_std_over_mean": 2.2864153385162354,
    "beta_source": "tuned",
    "gamma_source": "fixed_config",
    "mala_acceptance": 0.4444444477558136
  },
  "calibration_epsilons": [
    1e-06,
    1e-05,
    0.0001,
    0.001
  ],
  "model_parameters": 699066,
  "checkpoint_name": "checkpoint-s:500000_gamma_20000.0"
}