{
  "optimal_params": {
    "epsilon": 9.999999999999999e-05,
    "gamma": 10000.0,
    "nbeta": 0.8207331788168325,
    "llc_mean": 0.07396026700735092,
    "llc_std": 0.21490521728992462,
    "llc_std_over_mean": 3.9380791187286377,
    "beta_source": "tuned",
    "gamma_source": "fixed_config",
    "mala_acceptance": 0.5006568431854248
  },
  "calibration_epsilons": [
    1e-06,
    1e-05,
    0.0001,
    0.001
  ],
  "model_parameters": 699066,
  "checkpoint_name": "checkpoint-s:383418_gamma_10000.0"
}