{
  "optimal_params": {
    "epsilon": 1e-06,
    "gamma": 20.0,
    "nbeta": 0.8207331788168325,
    "llc_mean": 0.013279569335281849,
    "llc_std": 0.00997452437877655,
    "llc_std_over_mean": 0.76302570104599,
    "beta_source": "tuned",
    "gamma_source": "fixed_config",
    "mala_acceptance": 0.8782208561897278
  },
  "calibration_epsilons": [
    1e-06,
    1e-05,
    0.0001,
    0.001
  ],
  "model_parameters": 699066,
  "checkpoint_name": "checkpoint-s:26327_gamma_20.0"
}