step,epsilon,gamma,nbeta,llc_mean
383418,1e-06,50000.0,0.8207331788168325,0.15688075125217438
500000,9.999999999999999e-05,10000.0,0.8207331788168325,-0.6795240044593811
