{
  "optimal_params": {
    "epsilon": 1e-06,
    "gamma": 1000.0,
    "nbeta": 82.07331788168325,
    "llc_mean": 0.010386882349848747,
    "llc_std": 0.013797534629702568,
    "llc_std_over_mean": 2.1103286743164062,
    "beta_source": "default",
    "gamma_source": "fixed_config",
    "mala_acceptance": 0.8191470503807068
  },
  "calibration_epsilons": [
    1e-06,
    1e-05,
    0.0001,
    0.001
  ],
  "model_parameters": 699066,
  "checkpoint_name": "checkpoint-s:24_gamma_1000.0"
}