{
  "optimal_params": {
    "epsilon": 1e-06,
    "gamma": 5.0,
    "nbeta": 0.8207331788168325,
    "llc_mean": 0.016051823273301125,
    "llc_std": 0.015394875779747963,
    "llc_std_over_mean": 1.0359511375427246,
    "beta_source": "tuned",
    "gamma_source": "fixed_config",
    "mala_acceptance": 0.876602292060852
  },
  "calibration_epsilons": [
    1e-06,
    1e-05,
    0.0001,
    0.001
  ],
  "model_parameters": 699066,
  "checkpoint_name": "checkpoint-s:100471_gamma_5.0"
}