{
  "optimal_params": {
    "epsilon": 9.999999999999999e-05,
    "gamma": 10000.0,
    "nbeta": 0.8207331788168325,
    "llc_mean": 0.0450531542301178,
    "llc_std": 0.05750846117734909,
    "llc_std_over_mean": 1.334001064300537,
    "beta_source": "tuned",
    "gamma_source": "fixed_config",
    "mala_acceptance": 0.43608173727989197
  },
  "calibration_epsilons": [
    1e-06,
    1e-05,
    0.0001,
    0.001
  ],
  "model_parameters": 699066,
  "checkpoint_name": "checkpoint-s:162_gamma_10000.0"
}