{
  "optimal_params": {
    "epsilon": 9.999999999999999e-06,
    "gamma": 10000.0,
    "nbeta": 82.07331788168325,
    "llc_mean": 0.05699383094906807,
    "llc_std": 0.011812255717813969,
    "llc_std_over_mean": 0.31430116295814514,
    "beta_source": "default",
    "gamma_source": "fixed_config",
    "mala_acceptance": 0.5121423006057739
  },
  "calibration_epsilons": [
    1e-06,
    1e-05,
    0.0001,
    0.001
  ],
  "model_parameters": 699066,
  "checkpoint_name": "checkpoint-s:3088_gamma_10000.0"
}