{
  "optimal_params": {
    "epsilon": 9.999999999999999e-06,
    "gamma": 10.0,
    "nbeta": 0.8207331788168325,
    "llc_mean": 0.08020910620689392,
    "llc_std": 0.015230044722557068,
    "llc_std_over_mean": 0.22878561913967133,
    "beta_source": "tuned",
    "gamma_source": "fixed_config",
    "mala_acceptance": 0.8727018237113953
  },
  "calibration_epsilons": [
    1e-06,
    1e-05,
    0.0001,
    0.001
  ],
  "model_parameters": 699066,
  "checkpoint_name": "checkpoint-s:24_gamma_10.0"
}