{
  "optimal_params": {
    "epsilon": 1e-06,
    "gamma": 10.0,
    "nbeta": 0.8207331788168325,
    "llc_mean": 0.007327473256736994,
    "llc_std": 0.03246152028441429,
    "llc_std_over_mean": 4.10674524307251,
    "beta_source": "tuned",
    "gamma_source": "fixed_config",
    "mala_acceptance": 0.8656781911849976
  },
  "calibration_epsilons": [
    1e-06,
    1e-05,
    0.0001,
    0.001
  ],
  "model_parameters": 699066,
  "checkpoint_name": "checkpoint-s:131331_gamma_10.0"
}