{
  "optimal_params": {
    "epsilon": 9.999999999999999e-06,
    "gamma": 1.0,
    "nbeta": 82.07331788168325,
    "llc_mean": 2.1807174682617188,
    "llc_std": 0.987021267414093,
    "llc_std_over_mean": 0.47567781805992126,
    "beta_source": "default",
    "gamma_source": "fixed_config",
    "mala_acceptance": 0.6534297466278076
  },
  "calibration_epsilons": [
    1e-06,
    1e-05,
    0.0001,
    0.001
  ],
  "model_parameters": 699066,
  "checkpoint_name": "checkpoint-s:383418_gamma_1.0"
}