{
  "optimal_params": {
    "epsilon": 9.999999999999999e-06,
    "gamma": 10000.0,
    "nbeta": 82.07331788168325,
    "llc_mean": 0.022578751668334007,
    "llc_std": 0.014389696530997753,
    "llc_std_over_mean": 0.8024271726608276,
    "beta_source": "default",
    "gamma_source": "fixed_config",
    "mala_acceptance": 0.5086081027984619
  },
  "calibration_epsilons": [
    1e-06,
    1e-05,
    0.0001,
    0.001
  ],
  "model_parameters": 699066,
  "checkpoint_name": "checkpoint-s:24_gamma_10000.0"
}