{
  "optimal_params": {
    "epsilon": 1e-06,
    "gamma": 1.0,
    "nbeta": 82.07331788168325,
    "llc_mean": 0.0005312055582180619,
    "llc_std": 0.472472608089447,
    "llc_std_over_mean": 851.0843505859375,
    "beta_source": "default",
    "gamma_source": "fixed_config",
    "mala_acceptance": 0.7217774987220764
  },
  "calibration_epsilons": [
    1e-06,
    1e-05,
    0.0001,
    0.001
  ],
  "model_parameters": 699066,
  "checkpoint_name": "checkpoint-s:500000_gamma_1.0"
}