{
  "optimal_params": {
    "epsilon": 1e-06,
    "gamma": 1.0,
    "nbeta": 82.07331788168325,
    "llc_mean": 0.008151750080287457,
    "llc_std": 0.007031322922557592,
    "llc_std_over_mean": 1.0412211418151855,
    "beta_source": "default",
    "gamma_source": "fixed_config",
    "mala_acceptance": 0.8816757798194885
  },
  "calibration_epsilons": [
    1e-06,
    1e-05,
    0.0001,
    0.001
  ],
  "model_parameters": 699066,
  "checkpoint_name": "checkpoint-s:26327_gamma_1.0"
}