{
  "optimal_params": {
    "epsilon": 9.999999999999999e-06,
    "gamma": 5.0,
    "nbeta": 0.8207331788168325,
    "llc_mean": 0.05308341234922409,
    "llc_std": 0.04136739671230316,
    "llc_std_over_mean": 0.6804745197296143,
    "beta_source": "tuned",
    "gamma_source": "fixed_config",
    "mala_acceptance": 0.8779528141021729
  },
  "calibration_epsilons": [
    1e-06,
    1e-05,
    0.0001,
    0.001
  ],
  "model_parameters": 699066,
  "checkpoint_name": "checkpoint-s:8_gamma_5.0"
}