{
  "optimal_params": {
    "epsilon": 1e-06,
    "gamma": 200.0,
    "nbeta": 0.8207331788168325,
    "llc_mean": 0.030052702873945236,
    "llc_std": 0.037725914269685745,
    "llc_std_over_mean": 1.20087730884552,
    "beta_source": "tuned",
    "gamma_source": "fixed_config",
    "mala_acceptance": 0.8722317814826965
  },
  "calibration_epsilons": [
    1e-06,
    1e-05,
    0.0001,
    0.001
  ],
  "model_parameters": 699066,
  "checkpoint_name": "checkpoint-s:55_gamma_200.0"
}