{
  "optimal_params": {
    "epsilon": 9.999999999999999e-05,
    "gamma": 1000.0,
    "nbeta": 82.07331788168325,
    "llc_mean": 0.13416269421577454,
    "llc_std": 0.10842670500278473,
    "llc_std_over_mean": 0.7438362836837769,
    "beta_source": "default",
    "gamma_source": "fixed_config",
    "mala_acceptance": 0.45787322521209717
  },
  "calibration_epsilons": [
    1e-06,
    1e-05,
    0.0001,
    0.001
  ],
  "model_parameters": 699066,
  "checkpoint_name": "checkpoint-s:8_gamma_1000.0"
}