{
  "optimal_params": {
    "epsilon": 1e-06,
    "gamma": 50.0,
    "nbeta": 0.8207331788168325,
    "llc_mean": 0.05327727273106575,
    "llc_std": 0.021195225417613983,
    "llc_std_over_mean": 0.44600600004196167,
    "beta_source": "tuned",
    "gamma_source": "fixed_config",
    "mala_acceptance": 0.8783889412879944
  },
  "calibration_epsilons": [
    1e-06,
    1e-05,
    0.0001,
    0.001
  ],
  "model_parameters": 699066,
  "checkpoint_name": "checkpoint-s:3088_gamma_50.0"
}