{
  "optimal_params": {
    "epsilon": 9.999999999999999e-06,
    "gamma": 5.0,
    "nbeta": 0.8207331788168325,
    "llc_mean": 0.579590916633606,
    "llc_std": 0.044109903275966644,
    "llc_std_over_mean": 0.09172815829515457,
    "beta_source": "tuned",
    "gamma_source": "fixed_config",
    "mala_acceptance": 0.8639981746673584
  },
  "calibration_epsilons": [
    1e-06,
    1e-05,
    0.0001,
    0.001
  ],
  "model_parameters": 699066,
  "checkpoint_name": "checkpoint-s:1382_gamma_5.0"
}