{
  "optimal_params": {
    "epsilon": 1e-06,
    "gamma": 10.0,
    "nbeta": 0.8207331788168325,
    "llc_mean": 0.03314902260899544,
    "llc_std": 0.01163988932967186,
    "llc_std_over_mean": 0.46940380334854126,
    "beta_source": "tuned",
    "gamma_source": "fixed_config",
    "mala_acceptance": 0.8716843128204346
  },
  "calibration_epsilons": [
    1e-06,
    1e-05,
    0.0001,
    0.001
  ],
  "model_parameters": 699066,
  "checkpoint_name": "checkpoint-s:9017_gamma_10.0"
}