{
  "optimal_params": {
    "epsilon": 1e-06,
    "gamma": 5000.0,
    "nbeta": 0.8207331788168325,
    "llc_mean": 0.021451745182275772,
    "llc_std": 0.022363383322954178,
    "llc_std_over_mean": 1.0518701076507568,
    "beta_source": "tuned",
    "gamma_source": "fixed_config",
    "mala_acceptance": 0.22626394033432007
  },
  "calibration_epsilons": [
    1e-06,
    1e-05,
    0.0001,
    0.001
  ],
  "model_parameters": 699066,
  "checkpoint_name": "checkpoint-s:24_gamma_5000.0"
}