{
  "optimal_params": {
    "epsilon": 9.999999999999999e-06,
    "gamma": 5000.0,
    "nbeta": 259.5386196331449,
    "llc_mean": 4.859061241149902,
    "llc_std": 4.0951313972473145,
    "llc_std_over_mean": 1.1273969411849976,
    "beta_source": "tuned",
    "gamma_source": "fixed_config",
    "mala_acceptance": 0.5098225474357605
  },
  "calibration_epsilons": [
    1e-06,
    1e-05,
    0.0001,
    0.001
  ],
  "model_parameters": 699066,
  "checkpoint_name": "checkpoint-s:26327_gamma_5000.0"
}