{
  "optimal_params": {
    "epsilon": 1e-06,
    "gamma": 1000.0,
    "nbeta": 0.8207331788168325,
    "llc_mean": 0.0017733959248289466,
    "llc_std": 0.02806701697409153,
    "llc_std_over_mean": 15.44864559173584,
    "beta_source": "tuned",
    "gamma_source": "fixed_config",
    "mala_acceptance": 0.8169034123420715
  },
  "calibration_epsilons": [
    1e-06,
    1e-05,
    0.0001,
    0.001
  ],
  "model_parameters": 699066,
  "checkpoint_name": "checkpoint-s:94_gamma_1000.0"
}