{
  "optimal_params": {
    "epsilon": 1e-06,
    "gamma": 1.0,
    "nbeta": 0.8207331788168325,
    "llc_mean": 0.03141411766409874,
    "llc_std": 0.03163321688771248,
    "llc_std_over_mean": 1.3828847408294678,
    "beta_source": "tuned",
    "gamma_source": "fixed_config",
    "mala_acceptance": 0.86698317527771
  },
  "calibration_epsilons": [
    1e-06,
    1e-05,
    0.0001,
    0.001
  ],
  "model_parameters": 699066,
  "checkpoint_name": "checkpoint-s:1382_gamma_1.0"
}