{
  "optimal_params": {
    "epsilon": 1e-06,
    "gamma": 1000.0,
    "nbeta": 82.07331788168325,
    "llc_mean": 0.007994698360562325,
    "llc_std": 0.01405369769781828,
    "llc_std_over_mean": 1.9594566822052002,
    "beta_source": "default",
    "gamma_source": "fixed_config",
    "mala_acceptance": 0.8186257481575012
  },
  "calibration_epsilons": [
    1e-06,
    1e-05,
    0.0001,
    0.001
  ],
  "model_parameters": 699066,
  "checkpoint_name": "checkpoint-s:9017_gamma_1000.0"
}