{
  "optimal_params": {
    "epsilon": 1e-06,
    "gamma": 50.0,
    "nbeta": 0.8207331788168325,
    "llc_mean": 0.020097222179174423,
    "llc_std": 0.016652438789606094,
    "llc_std_over_mean": 0.8655017018318176,
    "beta_source": "tuned",
    "gamma_source": "fixed_config",
    "mala_acceptance": 0.8731054067611694
  },
  "calibration_epsilons": [
    1e-06,
    1e-05,
    0.0001,
    0.001
  ],
  "model_parameters": 699066,
  "checkpoint_name": "checkpoint-s:24_gamma_50.0"
}