{
  "optimal_params": {
    "epsilon": 1e-06,
    "gamma": 100.0,
    "nbeta": 0.8207331788168325,
    "llc_mean": 0.03415051847696304,
    "llc_std": 0.028869885951280594,
    "llc_std_over_mean": 0.8952347636222839,
    "beta_source": "tuned",
    "gamma_source": "fixed_config",
    "mala_acceptance": 0.8725312948226929
  },
  "calibration_epsilons": [
    1e-06,
    1e-05,
    0.0001,
    0.001
  ],
  "model_parameters": 699066,
  "checkpoint_name": "checkpoint-s:24_gamma_100.0"
}