{
  "optimal_params": {
    "epsilon": 9.999999999999999e-06,
    "gamma": 80000.0,
    "nbeta": 0.8207331788168325,
    "llc_mean": 0.024246111512184143,
    "llc_std": 0.15544191002845764,
    "llc_std_over_mean": 6.625292778015137,
    "beta_source": "tuned",
    "gamma_source": "fixed_config",
    "mala_acceptance": 0.5
  },
  "calibration_epsilons": [
    1e-06,
    1e-05,
    0.0001,
    0.001
  ],
  "model_parameters": 699066,
  "checkpoint_name": "checkpoint-s:383418_gamma_80000.0"
}