{
  "optimal_params": {
    "epsilon": 9.999999999999999e-06,
    "gamma": 10000.0,
    "nbeta": 82.07331788168325,
    "llc_mean": 5.798340320587158,
    "llc_std": 5.807051658630371,
    "llc_std_over_mean": 1.5968462228775024,
    "beta_source": "default",
    "gamma_source": "fixed_config",
    "mala_acceptance": 0.5558242201805115
  },
  "calibration_epsilons": [
    1e-06,
    1e-05,
    0.0001,
    0.001
  ],
  "model_parameters": 699066,
  "checkpoint_name": "checkpoint-s:131331_gamma_10000.0"
}