{
  "optimal_params": {
    "epsilon": 1e-06,
    "gamma": 50000.0,
    "nbeta": 259.5386196331449,
    "llc_mean": 58.46510696411133,
    "llc_std": 75.93797302246094,
    "llc_std_over_mean": 2.0787713527679443,
    "beta_source": "tuned",
    "gamma_source": "fixed_config",
    "mala_acceptance": 0.36506208777427673
  },
  "calibration_epsilons": [
    1e-06,
    1e-05,
    0.0001,
    0.001
  ],
  "model_parameters": 699066,
  "checkpoint_name": "checkpoint-s:500000_gamma_50000.0"
}