{
  "optimal_params": {
    "epsilon": 1e-06,
    "gamma": 5.0,
    "nbeta": 0.8207331788168325,
    "llc_mean": 0.032833658158779144,
    "llc_std": 0.014148538932204247,
    "llc_std_over_mean": 0.543643593788147,
    "beta_source": "tuned",
    "gamma_source": "fixed_config",
    "mala_acceptance": 0.8731868267059326
  },
  "calibration_epsilons": [
    1e-06,
    1e-05,
    0.0001,
    0.001
  ],
  "model_parameters": 699066,
  "checkpoint_name": "checkpoint-s:15408_gamma_5.0"
}