{
  "optimal_params": {
    "epsilon": 9.999999999999999e-06,
    "gamma": 1000.0,
    "nbeta": 82.07331788168325,
    "llc_mean": 0.2502354383468628,
    "llc_std_over_mean": 0.1840653121471405
  },
  "calibration_epsilons": [
    1e-06,
    1e-05,
    0.0001,
    0.001
  ],
  "calibration_gammas": [
    1.0,
    10.0,
    100.0,
    200.0
  ],
  "model_parameters": 699066,
  "checkpoint_name": "checkpoint-s:809"
}