{
  "optimal_params": {
    "epsilon": 9.999999999999999e-06,
    "gamma": 50.0,
    "nbeta": 0.8207331788168325,
    "llc_mean": 0.7714003920555115,
    "llc_std": 0.3444667160511017,
    "llc_std_over_mean": 0.3253866732120514,
    "beta_source": "tuned",
    "gamma_source": "fixed_config",
    "mala_acceptance": 0.853874921798706
  },
  "calibration_epsilons": [
    1e-06,
    1e-05,
    0.0001,
    0.001
  ],
  "model_parameters": 699066,
  "checkpoint_name": "checkpoint-s:1382_gamma_50.0"
}