{
  "optimal_params": {
    "epsilon": 9.999999999999999e-06,
    "gamma": 1000.0,
    "nbeta": 0.8207331788168325,
    "llc_mean": 0.41535845398902893,
    "llc_std": 0.03703496605157852,
    "llc_std_over_mean": 0.11007119715213776,
    "beta_source": "tuned",
    "gamma_source": "fixed_config",
    "mala_acceptance": 0.03141506016254425
  },
  "calibration_epsilons": [
    1e-06,
    1e-05,
    0.0001,
    0.001
  ],
  "model_parameters": 699066,
  "checkpoint_name": "checkpoint-s:3088_gamma_1000.0"
}