{
  "optimal_params": {
    "epsilon": 9.999999999999999e-06,
    "gamma": 10000.0,
    "nbeta": 0.8207331788168325,
    "llc_mean": 0.03893296793103218,
    "llc_std": 0.034030329436063766,
    "llc_std_over_mean": 0.8291952013969421,
    "beta_source": "tuned",
    "gamma_source": "fixed_config",
    "mala_acceptance": 0.4906264543533325
  },
  "calibration_epsilons": [
    1e-06,
    1e-05,
    0.0001,
    0.001
  ],
  "model_parameters": 699066,
  "checkpoint_name": "checkpoint-s:1382_gamma_10000.0"
}