{
  "optimal_params": {
    "epsilon": 1e-06,
    "gamma": 100.0,
    "nbeta": 0.8207331788168325,
    "llc_mean": 0.04103372246026993,
    "llc_std": 0.024262260645627975,
    "llc_std_over_mean": 0.5436311960220337,
    "beta_source": "tuned",
    "gamma_source": "fixed_config",
    "mala_acceptance": 0.8734005689620972
  },
  "calibration_epsilons": [
    1e-06,
    1e-05,
    0.0001,
    0.001
  ],
  "model_parameters": 699066,
  "checkpoint_name": "checkpoint-s:15408_gamma_100.0"
}