{
  "optimal_params": {
    "epsilon": 9.999999999999999e-05,
    "gamma": 10000.0,
    "nbeta": 0.8207331788168325,
    "llc_mean": 0.025514382869005203,
    "llc_std": 0.01172919012606144,
    "llc_std_over_mean": 0.5176592469215393,
    "beta_source": "tuned",
    "gamma_source": "fixed_config",
    "mala_acceptance": 0.3888888955116272
  },
  "calibration_epsilons": [
    1e-06,
    1e-05,
    0.0001,
    0.001
  ],
  "model_parameters": 699066,
  "checkpoint_name": "checkpoint-s:100471_gamma_10000.0"
}