{
  "optimal_params": {
    "epsilon": 1e-06,
    "gamma": 1000.0,
    "nbeta": 82.07331788168325,
    "llc_mean": 0.013674512505531311,
    "llc_std": 0.02466738224029541,
    "llc_std_over_mean": 2.6069865226745605,
    "beta_source": "default",
    "gamma_source": "fixed_config",
    "mala_acceptance": 0.8228805065155029
  },
  "calibration_epsilons": [
    1e-06,
    1e-05,
    0.0001,
    0.001
  ],
  "model_parameters": 699066,
  "checkpoint_name": "checkpoint-s:809_gamma_1000.0"
}