{
  "optimal_params": {
    "epsilon": 1e-06,
    "gamma": 10.0,
    "nbeta": 0.8207331788168325,
    "llc_mean": 0.022248750552535057,
    "llc_std": 0.015846557915210724,
    "llc_std_over_mean": 0.808053195476532,
    "beta_source": "tuned",
    "gamma_source": "fixed_config",
    "mala_acceptance": 0.8771089315414429
  },
  "calibration_epsilons": [
    1e-06,
    1e-05,
    0.0001,
    0.001
  ],
  "model_parameters": 699066,
  "checkpoint_name": "checkpoint-s:100471_gamma_10.0"
}