{
  "num_calibrated": 17,
  "step_range": {
    "min": 8,
    "max": 500000
  },
  "epsilon_stats": {
    "mean": 0.0003488235294117647,
    "std": 0.0004216059263025433,
    "min": 9.999999999999999e-06,
    "max": 0.001,
    "median": 9.999999999999999e-05
  },
  "gamma_stats": {
    "mean": 1000.0,
    "std": 0.0,
    "min": 1000.0,
    "max": 1000.0,
    "median": 1000.0
  },
  "nbeta_stats": {
    "mean": 82.07331788168325,
    "std": 0.0,
    "min": 82.07331788168325,
    "max": 82.07331788168325,
    "median": 82.07331788168325
  }
}