{
  "optimal_params": {
    "epsilon": 9.999999999999999e-05,
    "gamma": 5000.0,
    "nbeta": 259.5386196331449,
    "llc_mean": 13.9489107131958,
    "llc_std": 5.653846740722656,
    "llc_std_over_mean": 0.5026087760925293,
    "beta_source": "tuned",
    "gamma_source": "fixed_config",
    "mala_acceptance": 0.38890543580055237
  },
  "calibration_epsilons": [
    1e-06,
    1e-05,
    0.0001,
    0.001
  ],
  "model_parameters": 699066,
  "checkpoint_name": "checkpoint-s:100471_gamma_5000.0"
}