{
  "optimal_params": {
    "epsilon": 9.999999999999999e-06,
    "gamma": 200.0,
    "nbeta": 0.8207331788168325,
    "llc_mean": 0.4704646170139313,
    "llc_std": 0.16122841835021973,
    "llc_std_over_mean": 0.33520814776420593,
    "beta_source": "tuned",
    "gamma_source": "fixed_config",
    "mala_acceptance": 0.6534482836723328
  },
  "calibration_epsilons": [
    1e-06,
    1e-05,
    0.0001,
    0.001
  ],
  "model_parameters": 699066,
  "checkpoint_name": "checkpoint-s:100471_gamma_200.0"
}