{
  "optimal_params": {
    "epsilon": 9.999999999999999e-06,
    "gamma": 100.0,
    "nbeta": 0.8207331788168325,
    "llc_mean": 0.025415360927581787,
    "llc_std": 0.03736986964941025,
    "llc_std_over_mean": 1.300165057182312,
    "beta_source": "tuned",
    "gamma_source": "fixed_config",
    "mala_acceptance": 0.8222142457962036
  },
  "calibration_epsilons": [
    1e-06,
    1e-05,
    0.0001,
    0.001
  ],
  "model_parameters": 699066,
  "checkpoint_name": "checkpoint-s:8_gamma_100.0"
}