{
  "optimal_params": {
    "epsilon": 9.999999999999999e-06,
    "gamma": 100.0,
    "nbeta": 0.8207331788168325,
    "llc_mean": 0.5021713972091675,
    "llc_std": 0.11623804271221161,
    "llc_std_over_mean": 0.24144183099269867,
    "beta_source": "tuned",
    "gamma_source": "fixed_config",
    "mala_acceptance": 0.7871248722076416
  },
  "calibration_epsilons": [
    1e-06,
    1e-05,
    0.0001,
    0.001
  ],
  "model_parameters": 699066,
  "checkpoint_name": "checkpoint-s:131331_gamma_100.0"
}