{
  "optimal_params": {
    "epsilon": 9.999999999999999e-06,
    "gamma": 5000.0,
    "nbeta": 0.8207331788168325,
    "llc_mean": 0.0008380009094253182,
    "llc_std": 0.03681638091802597,
    "llc_std_over_mean": 43.113468170166016,
    "beta_source": "tuned",
    "gamma_source": "fixed_config",
    "mala_acceptance": 0.4140976667404175
  },
  "calibration_epsilons": [
    1e-06,
    1e-05,
    0.0001,
    0.001
  ],
  "model_parameters": 699066,
  "checkpoint_name": "checkpoint-s:24_gamma_5000.0"
}