{
  "optimal_params": {
    "epsilon": 1e-06,
    "gamma": 200.0,
    "nbeta": 0.8207331788168325,
    "llc_mean": 0.020815152674913406,
    "llc_std": 0.024830250069499016,
    "llc_std_over_mean": 1.085071086883545,
    "beta_source": "tuned",
    "gamma_source": "fixed_config",
    "mala_acceptance": 0.8668235540390015
  },
  "calibration_epsilons": [
    1e-06,
    1e-05,
    0.0001,
    0.001
  ],
  "model_parameters": 699066,
  "checkpoint_name": "checkpoint-s:131331_gamma_200.0"
}