{
  "optimal_params": {
    "epsilon": 1e-06,
    "gamma": 5.0,
    "nbeta": 0.8207331788168325,
    "llc_mean": 0.05505042523145676,
    "llc_std": 0.05839501693844795,
    "llc_std_over_mean": 1.0401403903961182,
    "beta_source": "tuned",
    "gamma_source": "fixed_config",
    "mala_acceptance": 0.8758543729782104
  },
  "calibration_epsilons": [
    1e-06,
    1e-05,
    0.0001,
    0.001
  ],
  "model_parameters": 699066,
  "checkpoint_name": "checkpoint-s:809_gamma_5.0"
}