{
  "optimal_params": {
    "epsilon": 9.999999999999999e-06,
    "gamma": 10000.0,
    "nbeta": 82.07331788168325,
    "llc_mean": 0.40352219343185425,
    "llc_std": 0.5684964656829834,
    "llc_std_over_mean": 1.877176284790039,
    "beta_source": "default",
    "gamma_source": "fixed_config",
    "mala_acceptance": 0.43794846534729004
  },
  "calibration_epsilons": [
    1e-06,
    1e-05,
    0.0001,
    0.001
  ],
  "model_parameters": 699066,
  "checkpoint_name": "checkpoint-s:500000_gamma_10000.0"
}