{
  "optimal_params": {
    "epsilon": 1e-06,
    "gamma": 5.0,
    "nbeta": 0.8207331788168325,
    "llc_mean": 0.029714489355683327,
    "llc_std": 0.04199471324682236,
    "llc_std_over_mean": 1.7392425537109375,
    "beta_source": "tuned",
    "gamma_source": "fixed_config",
    "mala_acceptance": 0.8606547117233276
  },
  "calibration_epsilons": [
    1e-06,
    1e-05,
    0.0001,
    0.001
  ],
  "model_parameters": 699066,
  "checkpoint_name": "checkpoint-s:224398_gamma_5.0"
}