{
  "optimal_params": {
    "epsilon": 1e-06,
    "gamma": 5.0,
    "nbeta": 0.8207331788168325,
    "llc_mean": 0.03593679144978523,
    "llc_std": 0.02694264054298401,
    "llc_std_over_mean": 0.8824835419654846,
    "beta_source": "tuned",
    "gamma_source": "fixed_config",
    "mala_acceptance": 0.868217408657074
  },
  "calibration_epsilons": [
    1e-06,
    1e-05,
    0.0001,
    0.001
  ],
  "model_parameters": 699066,
  "checkpoint_name": "checkpoint-s:162_gamma_5.0"
}