{
  "optimal_params": {
    "epsilon": 9.999999999999999e-05,
    "gamma": 1000.0,
    "nbeta": 0.8207331788168325,
    "llc_mean": 0.2798033654689789,
    "llc_std": 0.04078734666109085,
    "llc_std_over_mean": 0.23079442977905273,
    "beta_source": "tuned",
    "gamma_source": "fixed_config",
    "mala_acceptance": 0.5024662017822266
  },
  "calibration_epsilons": [
    1e-06,
    1e-05,
    0.0001,
    0.001
  ],
  "model_parameters": 699066,
  "checkpoint_name": "checkpoint-s:26327_gamma_1000.0"
}