{
  "optimal_params": {
    "epsilon": 1e-06,
    "gamma": 5000.0,
    "nbeta": 259.5386196331449,
    "llc_mean": 8.77022647857666,
    "llc_std": 4.889987468719482,
    "llc_std_over_mean": 0.6233924031257629,
    "beta_source": "tuned",
    "gamma_source": "fixed_config",
    "mala_acceptance": 0.5012573599815369
  },
  "calibration_epsilons": [
    1e-06,
    1e-05,
    0.0001,
    0.001
  ],
  "model_parameters": 699066,
  "checkpoint_name": "checkpoint-s:3088_gamma_5000.0"
}