{
  "optimal_params": {
    "epsilon": 9.999999999999999e-06,
    "gamma": 20.0,
    "nbeta": 0.8207331788168325,
    "llc_mean": 0.3221907913684845,
    "llc_std": 0.22189028561115265,
    "llc_std_over_mean": 0.517788827419281,
    "beta_source": "tuned",
    "gamma_source": "fixed_config",
    "mala_acceptance": 0.8502275347709656
  },
  "calibration_epsilons": [
    1e-06,
    1e-05,
    0.0001,
    0.001
  ],
  "model_parameters": 699066,
  "checkpoint_name": "checkpoint-s:58801_gamma_20.0"
}