{
  "optimal_params": {
    "epsilon": 9.999999999999999e-06,
    "gamma": 10000.0,
    "nbeta": 82.07331788168325,
    "llc_mean": 0.009597549214959145,
    "llc_std": 0.01440482772886753,
    "llc_std_over_mean": 1.4468671083450317,
    "beta_source": "default",
    "gamma_source": "fixed_config",
    "mala_acceptance": 0.5775339007377625
  },
  "calibration_epsilons": [
    1e-06,
    1e-05,
    0.0001,
    0.001
  ],
  "model_parameters": 699066,
  "checkpoint_name": "checkpoint-s:58801_gamma_10000.0"
}