{
  "optimal_params": {
    "epsilon": 9.999999999999999e-06,
    "gamma": 5000.0,
    "nbeta": 0.8207331788168325,
    "llc_mean": 0.09504452347755432,
    "llc_std": 0.023543840274214745,
    "llc_std_over_mean": 0.3513520658016205,
    "beta_source": "tuned",
    "gamma_source": "fixed_config",
    "mala_acceptance": 0.27324336767196655
  },
  "calibration_epsilons": [
    1e-06,
    1e-05,
    0.0001,
    0.001
  ],
  "model_parameters": 699066,
  "checkpoint_name": "checkpoint-s:94_gamma_5000.0"
}