{
  "optimal_params": {
    "epsilon": 9.999999999999999e-06,
    "gamma": 20.0,
    "nbeta": 0.8207331788168325,
    "llc_mean": 2.086024284362793,
    "llc_std": 0.8629844784736633,
    "llc_std_over_mean": 0.3907673954963684,
    "beta_source": "tuned",
    "gamma_source": "fixed_config",
    "mala_acceptance": 0.6948280334472656
  },
  "calibration_epsilons": [
    1e-06,
    1e-05,
    0.0001,
    0.001
  ],
  "model_parameters": 699066,
  "checkpoint_name": "checkpoint-s:383418_gamma_20.0"
}