{
  "optimal_params": {
    "epsilon": 1e-06,
    "gamma": 50.0,
    "nbeta": 0.8207331788168325,
    "llc_mean": 0.04023728892207146,
    "llc_std": 0.03887823969125748,
    "llc_std_over_mean": 1.0477148294448853,
    "beta_source": "tuned",
    "gamma_source": "fixed_config",
    "mala_acceptance": 0.8660361170768738
  },
  "calibration_epsilons": [
    1e-06,
    1e-05,
    0.0001,
    0.001
  ],
  "model_parameters": 699066,
  "checkpoint_name": "checkpoint-s:162_gamma_50.0"
}