{
  "optimal_params": {
    "epsilon": 1e-06,
    "gamma": 1000.0,
    "nbeta": 82.07331788168325,
    "llc_mean": 0.029495611786842346,
    "llc_std": 0.031607042998075485,
    "llc_std_over_mean": 1.4661970138549805,
    "beta_source": "default",
    "gamma_source": "fixed_config",
    "mala_acceptance": 0.8190471529960632
  },
  "calibration_epsilons": [
    1e-06,
    1e-05,
    0.0001,
    0.001
  ],
  "model_parameters": 699066,
  "checkpoint_name": "checkpoint-s:1382_gamma_1000.0"
}