{
  "optimal_params": {
    "epsilon": 9.999999999999999e-06,
    "gamma": 10.0,
    "nbeta": 0.8207331788168325,
    "llc_mean": 0.37919995188713074,
    "llc_std": 0.08276157081127167,
    "llc_std_over_mean": 0.2055528163909912,
    "beta_source": "tuned",
    "gamma_source": "fixed_config",
    "mala_acceptance": 0.8632174134254456
  },
  "calibration_epsilons": [
    1e-06,
    1e-05,
    0.0001,
    0.001
  ],
  "model_parameters": 699066,
  "checkpoint_name": "checkpoint-s:473_gamma_10.0"
}