{
  "optimal_params": {
    "epsilon": 1e-06,
    "gamma": 1000.0,
    "nbeta": 82.07331788168325,
    "llc_mean": 0.00265614315867424,
    "llc_std": 0.027906212955713272,
    "llc_std_over_mean": 12.640254020690918,
    "beta_source": "default",
    "gamma_source": "fixed_config",
    "mala_acceptance": 0.8175133466720581
  },
  "calibration_epsilons": [
    1e-06,
    1e-05,
    0.0001,
    0.001
  ],
  "model_parameters": 699066,
  "checkpoint_name": "checkpoint-s:8_gamma_1000.0"
}