{
  "optimal_params": {
    "epsilon": 1e-06,
    "gamma": 50.0,
    "nbeta": 0.8207331788168325,
    "llc_mean": 0.008542845025658607,
    "llc_std": 0.008223915472626686,
    "llc_std_over_mean": 1.42033851146698,
    "beta_source": "tuned",
    "gamma_source": "fixed_config",
    "mala_acceptance": 0.876352846622467
  },
  "calibration_epsilons": [
    1e-06,
    1e-05,
    0.0001,
    0.001
  ],
  "model_parameters": 699066,
  "checkpoint_name": "checkpoint-s:26327_gamma_50.0"
}