{
  "optimal_params": {
    "epsilon": 1e-06,
    "gamma": 1000.0,
    "nbeta": 82.07331788168325,
    "llc_mean": 0.01916455663740635,
    "llc_std": 0.03564777225255966,
    "llc_std_over_mean": 1.8051520586013794,
    "beta_source": "default",
    "gamma_source": "fixed_config",
    "mala_acceptance": 0.8139501214027405
  },
  "calibration_epsilons": [
    1e-06,
    1e-05,
    0.0001,
    0.001
  ],
  "model_parameters": 699066,
  "checkpoint_name": "checkpoint-s:162_gamma_1000.0"
}