{
  "optimal_params": {
    "epsilon": 1e-06,
    "gamma": 1000.0,
    "nbeta": 0.8207331788168325,
    "llc_mean": 0.006859957240521908,
    "llc_std": 0.016630785539746284,
    "llc_std_over_mean": 2.6618964672088623,
    "beta_source": "tuned",
    "gamma_source": "fixed_config",
    "mala_acceptance": 0.8203635811805725
  },
  "calibration_epsilons": [
    1e-06,
    1e-05,
    0.0001,
    0.001
  ],
  "model_parameters": 699066,
  "checkpoint_name": "checkpoint-s:15408_gamma_1000.0"
}