{
  "optimal_params": {
    "epsilon": 1e-06,
    "gamma": 10.0,
    "nbeta": 0.8207331788168325,
    "llc_mean": 0.029156813398003578,
    "llc_std": 0.012036630883812904,
    "llc_std_over_mean": 0.5629082918167114,
    "beta_source": "tuned",
    "gamma_source": "fixed_config",
    "mala_acceptance": 0.8762657642364502
  },
  "calibration_epsilons": [
    1e-06,
    1e-05,
    0.0001,
    0.001
  ],
  "model_parameters": 699066,
  "checkpoint_name": "checkpoint-s:131331_gamma_10.0"
}