{
  "optimal_params": {
    "epsilon": 9.999999999999999e-06,
    "gamma": 1000.0,
    "nbeta": 0.8207331788168325,
    "llc_mean": 0.26695987582206726,
    "llc_std": 0.038465630263090134,
    "llc_std_over_mean": 0.20414286851882935,
    "beta_source": "tuned",
    "gamma_source": "fixed_config",
    "mala_acceptance": 0.02949746698141098
  },
  "calibration_epsilons": [
    1e-06,
    1e-05,
    0.0001,
    0.001
  ],
  "model_parameters": 699066,
  "checkpoint_name": "checkpoint-s:131331_gamma_1000.0"
}