{
  "optimal_params": {
    "epsilon": 9.999999999999999e-06,
    "gamma": 200.0,
    "nbeta": 0.8207331788168325,
    "llc_mean": 0.3068405091762543,
    "llc_std": 0.04649684950709343,
    "llc_std_over_mean": 0.22258956730365753,
    "beta_source": "tuned",
    "gamma_source": "fixed_config",
    "mala_acceptance": 0.6671572923660278
  },
  "calibration_epsilons": [
    1e-06,
    1e-05,
    0.0001,
    0.001
  ],
  "model_parameters": 699066,
  "checkpoint_name": "checkpoint-s:473_gamma_200.0"
}