{
  "optimal_params": {
    "epsilon": 1e-06,
    "gamma": 100.0,
    "nbeta": 0.8207331788168325,
    "llc_mean": 0.0858728215098381,
    "llc_std": 0.030970627442002296,
    "llc_std_over_mean": 0.593816876411438,
    "beta_source": "tuned",
    "gamma_source": "fixed_config",
    "mala_acceptance": 0.8649595379829407
  },
  "calibration_epsilons": [
    1e-06,
    1e-05,
    0.0001,
    0.001
  ],
  "model_parameters": 699066,
  "checkpoint_name": "checkpoint-s:473_gamma_100.0"
}