{
  "optimal_params": {
    "epsilon": 9.999999999999999e-05,
    "gamma": 10000.0,
    "nbeta": 0.8207331788168325,
    "llc_mean": 0.5589576959609985,
    "llc_std": 0.5070171356201172,
    "llc_std_over_mean": 1.2338827848434448,
    "beta_source": "tuned",
    "gamma_source": "fixed_config",
    "mala_acceptance": 0.3888888955116272
  },
  "calibration_epsilons": [
    1e-06,
    1e-05,
    0.0001,
    0.001
  ],
  "model_parameters": 699066,
  "checkpoint_name": "checkpoint-s:500000_gamma_10000.0"
}