{
  "optimal_params": {
    "epsilon": 1e-06,
    "gamma": 200.0,
    "nbeta": 0.8207331788168325,
    "llc_mean": 0.019681457430124283,
    "llc_std": 0.015530969016253948,
    "llc_std_over_mean": 0.8822051286697388,
    "beta_source": "tuned",
    "gamma_source": "fixed_config",
    "mala_acceptance": 0.8789999485015869
  },
  "calibration_epsilons": [
    1e-06,
    1e-05,
    0.0001,
    0.001
  ],
  "model_parameters": 699066,
  "checkpoint_name": "checkpoint-s:26327_gamma_200.0"
}