{
  "optimal_params": {
    "epsilon": 1e-06,
    "gamma": 20.0,
    "nbeta": 0.8207331788168325,
    "llc_mean": 0.034751784056425095,
    "llc_std": 0.06958357989788055,
    "llc_std_over_mean": 1.709194540977478,
    "beta_source": "tuned",
    "gamma_source": "fixed_config",
    "mala_acceptance": 0.8673485517501831
  },
  "calibration_epsilons": [
    1e-06,
    1e-05,
    0.0001,
    0.001
  ],
  "model_parameters": 699066,
  "checkpoint_name": "checkpoint-s:162_gamma_20.0"
}