{
  "optimal_params": {
    "epsilon": 1e-06,
    "gamma": 20.0,
    "nbeta": 0.8207331788168325,
    "llc_mean": 0.05157555267214775,
    "llc_std": 0.04121846705675125,
    "llc_std_over_mean": 0.8171682357788086,
    "beta_source": "tuned",
    "gamma_source": "fixed_config",
    "mala_acceptance": 0.8629448413848877
  },
  "calibration_epsilons": [
    1e-06,
    1e-05,
    0.0001,
    0.001
  ],
  "model_parameters": 699066,
  "checkpoint_name": "checkpoint-s:809_gamma_20.0"
}