{
  "optimal_params": {
    "epsilon": 1e-06,
    "gamma": 1.0,
    "nbeta": 82.07331788168325,
    "llc_mean": 0.015274780802428722,
    "llc_std": 0.024731984362006187,
    "llc_std_over_mean": 2.328415632247925,
    "beta_source": "default",
    "gamma_source": "fixed_config",
    "mala_acceptance": 0.8735955953598022
  },
  "calibration_epsilons": [
    1e-06,
    1e-05,
    0.0001,
    0.001
  ],
  "model_parameters": 699066,
  "checkpoint_name": "checkpoint-s:809_gamma_1.0"
}