{
  "optimal_params": {
    "epsilon": 9.999999999999999e-06,
    "gamma": 10000.0,
    "nbeta": 0.8207331788168325,
    "llc_mean": 0.08573447167873383,
    "llc_std": 0.05912008136510849,
    "llc_std_over_mean": 0.8199135661125183,
    "beta_source": "tuned",
    "gamma_source": "fixed_config",
    "mala_acceptance": 0.4862242341041565
  },
  "calibration_epsilons": [
    1e-06,
    1e-05,
    0.0001,
    0.001
  ],
  "model_parameters": 699066,
  "checkpoint_name": "checkpoint-s:224398_gamma_10000.0"
}