{
  "optimal_params": {
    "epsilon": 1e-06,
    "gamma": 10.0,
    "nbeta": 0.8207331788168325,
    "llc_mean": 0.0007247686153277755,
    "llc_std": 0.47239547967910767,
    "llc_std_over_mean": 624.103515625,
    "beta_source": "tuned",
    "gamma_source": "fixed_config",
    "mala_acceptance": 0.7204409241676331
  },
  "calibration_epsilons": [
    1e-06,
    1e-05,
    0.0001,
    0.001
  ],
  "model_parameters": 699066,
  "checkpoint_name": "checkpoint-s:500000_gamma_10.0"
}