{
  "optimal_params": {
    "epsilon": 9.999999999999999e-06,
    "gamma": 5000.0,
    "nbeta": 0.8207331788168325,
    "llc_mean": 0.1446307748556137,
    "llc_std": 0.03785543888807297,
    "llc_std_over_mean": 0.2656362056732178,
    "beta_source": "tuned",
    "gamma_source": "fixed_config",
    "mala_acceptance": 0.34887826442718506
  },
  "calibration_epsilons": [
    1e-06,
    1e-05,
    0.0001,
    0.001
  ],
  "model_parameters": 699066,
  "checkpoint_name": "checkpoint-s:3088_gamma_5000.0"
}