{
  "optimal_params": {
    "epsilon": 9.999999999999999e-06,
    "gamma": 10000.0,
    "nbeta": 82.07331788168325,
    "llc_mean": 0.013306848704814911,
    "llc_std": 0.010812369175255299,
    "llc_std_over_mean": 0.9157791137695312,
    "beta_source": "default",
    "gamma_source": "fixed_config",
    "mala_acceptance": 0.5309959053993225
  },
  "calibration_epsilons": [
    1e-06,
    1e-05,
    0.0001,
    0.001
  ],
  "model_parameters": 699066,
  "checkpoint_name": "checkpoint-s:9017_gamma_10000.0"
}