{
  "optimal_params": {
    "epsilon": 9.999999999999999e-05,
    "gamma": 5000.0,
    "nbeta": 0.8207331788168325,
    "llc_mean": 0.07525885850191116,
    "llc_std": 0.017527304589748383,
    "llc_std_over_mean": 0.3220421373844147,
    "beta_source": "tuned",
    "gamma_source": "fixed_config",
    "mala_acceptance": 0.3890572786331177
  },
  "calibration_epsilons": [
    1e-06,
    1e-05,
    0.0001,
    0.001
  ],
  "model_parameters": 699066,
  "checkpoint_name": "checkpoint-s:9017_gamma_5000.0"
}