{
  "optimal_params": {
    "epsilon": 9.999999999999999e-05,
    "gamma": 5000.0,
    "nbeta": 82.07331788168325,
    "llc_mean": 0.011296517215669155,
    "llc_std": 0.020210232585668564,
    "llc_std_over_mean": 2.6182045936584473,
    "beta_source": "default",
    "gamma_source": "fixed_config",
    "mala_acceptance": 0.5001583099365234
  },
  "calibration_epsilons": [
    1e-06,
    1e-05,
    0.0001,
    0.001
  ],
  "model_parameters": 699066,
  "checkpoint_name": "checkpoint-s:94_gamma_5000.0"
}