{
  "optimal_params": {
    "epsilon": 1e-06,
    "gamma": 1.0,
    "nbeta": 82.07331788168325,
    "llc_mean": 0.02071313187479973,
    "llc_std": 0.03590903431177139,
    "llc_std_over_mean": 1.6798450946807861,
    "beta_source": "default",
    "gamma_source": "fixed_config",
    "mala_acceptance": 0.8693828582763672
  },
  "calibration_epsilons": [
    1e-06,
    1e-05,
    0.0001,
    0.001
  ],
  "model_parameters": 699066,
  "checkpoint_name": "checkpoint-s:162_gamma_1.0"
}