{
  "optimal_params": {
    "epsilon": 9.999999999999999e-06,
    "gamma": 50.0,
    "nbeta": 0.8207331788168325,
    "llc_mean": 0.3677416443824768,
    "llc_std": 0.06378835439682007,
    "llc_std_over_mean": 0.18310938775539398,
    "beta_source": "tuned",
    "gamma_source": "fixed_config",
    "mala_acceptance": 0.8537284731864929
  },
  "calibration_epsilons": [
    1e-06,
    1e-05,
    0.0001,
    0.001
  ],
  "model_parameters": 699066,
  "checkpoint_name": "checkpoint-s:473_gamma_50.0"
}