{
  "optimal_params": {
    "epsilon": 9.999999999999999e-05,
    "gamma": 10000.0,
    "nbeta": 0.8207331788168325,
    "llc_mean": 0.09240564703941345,
    "llc_std": 0.07416205108165741,
    "llc_std_over_mean": 0.7574084997177124,
    "beta_source": "tuned",
    "gamma_source": "fixed_config",
    "mala_acceptance": 0.3888888955116272
  },
  "calibration_epsilons": [
    1e-06,
    1e-05,
    0.0001,
    0.001
  ],
  "model_parameters": 699066,
  "checkpoint_name": "checkpoint-s:224398_gamma_10000.0"
}