{
  "optimal_params": {
    "epsilon": 9.999999999999999e-06,
    "gamma": 5000.0,
    "nbeta": 0.8207331788168325,
    "llc_mean": 0.15098536014556885,
    "llc_std": 0.04165814071893692,
    "llc_std_over_mean": 0.29986998438835144,
    "beta_source": "tuned",
    "gamma_source": "fixed_config",
    "mala_acceptance": 0.22760576009750366
  },
  "calibration_epsilons": [
    1e-06,
    1e-05,
    0.0001,
    0.001
  ],
  "model_parameters": 699066,
  "checkpoint_name": "checkpoint-s:809_gamma_5000.0"
}