{
  "optimal_params": {
    "epsilon": 1e-06,
    "gamma": 1000.0,
    "nbeta": 82.07331788168325,
    "llc_mean": 0.009225431829690933,
    "llc_std": 0.02966395579278469,
    "llc_std_over_mean": 3.6122817993164062,
    "beta_source": "default",
    "gamma_source": "fixed_config",
    "mala_acceptance": 0.8118999004364014
  },
  "calibration_epsilons": [
    1e-06,
    1e-05,
    0.0001,
    0.001
  ],
  "model_parameters": 699066,
  "checkpoint_name": "checkpoint-s:55_gamma_1000.0"
}