{
  "optimal_params": {
    "epsilon": 1e-06,
    "gamma": 100.0,
    "nbeta": 0.8207331788168325,
    "llc_mean": 0.02259531430900097,
    "llc_std": 0.01574312150478363,
    "llc_std_over_mean": 0.8679185509681702,
    "beta_source": "tuned",
    "gamma_source": "fixed_config",
    "mala_acceptance": 0.8789126873016357
  },
  "calibration_epsilons": [
    1e-06,
    1e-05,
    0.0001,
    0.001
  ],
  "model_parameters": 699066,
  "checkpoint_name": "checkpoint-s:3088_gamma_100.0"
}