{
  "optimal_params": {
    "epsilon": 9.999999999999999e-05,
    "gamma": 10000.0,
    "nbeta": 0.8207331788168325,
    "llc_mean": 0.032767172902822495,
    "llc_std": 0.02123394049704075,
    "llc_std_over_mean": 0.6187066435813904,
    "beta_source": "tuned",
    "gamma_source": "fixed_config",
    "mala_acceptance": 0.3286591172218323
  },
  "calibration_epsilons": [
    1e-06,
    1e-05,
    0.0001,
    0.001
  ],
  "model_parameters": 699066,
  "checkpoint_name": "checkpoint-s:9017_gamma_10000.0"
}