{
  "optimal_params": {
    "epsilon": 9.999999999999999e-06,
    "gamma": 1.0,
    "nbeta": 0.8207331788168325,
    "llc_mean": 0.10147802531719208,
    "llc_std": 0.09814982116222382,
    "llc_std_over_mean": 0.7728781700134277,
    "beta_source": "tuned",
    "gamma_source": "fixed_config",
    "mala_acceptance": 0.8747718334197998
  },
  "calibration_epsilons": [
    1e-06,
    1e-05,
    0.0001,
    0.001
  ],
  "model_parameters": 699066,
  "checkpoint_name": "checkpoint-s:8_gamma_1.0"
}