{
  "optimal_params": {
    "epsilon": 1e-06,
    "gamma": 200.0,
    "nbeta": 0.8207331788168325,
    "llc_mean": 0.551284909248352,
    "llc_std": 0.45280951261520386,
    "llc_std_over_mean": 1.2863309383392334,
    "beta_source": "tuned",
    "gamma_source": "fixed_config",
    "mala_acceptance": 0.6350548267364502
  },
  "calibration_epsilons": [
    1e-06,
    1e-05,
    0.0001,
    0.001
  ],
  "model_parameters": 699066,
  "checkpoint_name": "checkpoint-s:500000_gamma_200.0"
}