{
  "optimal_params": {
    "epsilon": 1e-06,
    "gamma": 5000.0,
    "nbeta": 82.07331788168325,
    "llc_mean": 0.002787687350064516,
    "llc_std_over_mean": 12.106754302978516
  },
  "calibration_epsilons": [
    1e-06,
    1e-05,
    0.0001,
    0.001
  ],
  "calibration_gammas": [
    1.0,
    10.0,
    100.0,
    200.0
  ],
  "model_parameters": 699066,
  "checkpoint_name": "checkpoint-s:8"
}