{
  "optimal_params": {
    "epsilon": 9.999999999999999e-06,
    "gamma": 10000.0,
    "nbeta": 259.5386196331449,
    "llc_mean": 4.555586338043213,
    "llc_std": 3.691540479660034,
    "llc_std_over_mean": 0.7385391592979431,
    "beta_source": "tuned",
    "gamma_source": "fixed_config",
    "mala_acceptance": 0.4720115661621094
  },
  "calibration_epsilons": [
    1e-06,
    1e-05,
    0.0001,
    0.001
  ],
  "model_parameters": 699066,
  "checkpoint_name": "checkpoint-s:58801_gamma_10000.0"
}