{
  "optimal_params": {
    "epsilon": 1e-06,
    "gamma": 10000.0,
    "nbeta": 82.07331788168325,
    "llc_mean": 0.03806718438863754,
    "llc_std": 0.024287670850753784,
    "llc_std_over_mean": 0.7677136659622192,
    "beta_source": "default",
    "gamma_source": "fixed_config",
    "mala_acceptance": 0.02857179380953312
  },
  "calibration_epsilons": [
    1e-06,
    1e-05,
    0.0001,
    0.001
  ],
  "model_parameters": 699066,
  "checkpoint_name": "checkpoint-s:8_gamma_10000.0"
}