{
  "optimal_params": {
    "epsilon": 1e-06,
    "gamma": 20.0,
    "nbeta": 0.8207331788168325,
    "llc_mean": 0.03266354650259018,
    "llc_std": 0.009347986429929733,
    "llc_std_over_mean": 0.49668893218040466,
    "beta_source": "tuned",
    "gamma_source": "fixed_config",
    "mala_acceptance": 0.8785234093666077
  },
  "calibration_epsilons": [
    1e-06,
    1e-05,
    0.0001,
    0.001
  ],
  "model_parameters": 699066,
  "checkpoint_name": "checkpoint-s:9017_gamma_20.0"
}