{
  "optimal_params": {
    "epsilon": 9.999999999999999e-06,
    "gamma": 80000.0,
    "nbeta": 0.8207331788168325,
    "llc_mean": 0.41273465752601624,
    "llc_std": 0.6166281700134277,
    "llc_std_over_mean": 1.8105465173721313,
    "beta_source": "tuned",
    "gamma_source": "fixed_config",
    "mala_acceptance": 0.5000036358833313
  },
  "calibration_epsilons": [
    1e-06,
    1e-05,
    0.0001,
    0.001
  ],
  "model_parameters": 699066,
  "checkpoint_name": "checkpoint-s:500000_gamma_80000.0"
}