{
  "optimal_params": {
    "epsilon": 1e-06,
    "gamma": 1000.0,
    "nbeta": 0.8207331788168325,
    "llc_mean": 0.009355863556265831,
    "llc_std": 0.011738493107259274,
    "llc_std_over_mean": 1.2649766206741333,
    "beta_source": "tuned",
    "gamma_source": "fixed_config",
    "mala_acceptance": 0.8158767223358154
  },
  "calibration_epsilons": [
    1e-06,
    1e-05,
    0.0001,
    0.001
  ],
  "model_parameters": 699066,
  "checkpoint_name": "checkpoint-s:58801_gamma_1000.0"
}