{
  "optimal_params": {
    "epsilon": 1e-06,
    "gamma": 1.0,
    "nbeta": 0.8207331788168325,
    "llc_mean": 0.043648190796375275,
    "llc_std": 0.04902276769280434,
    "llc_std_over_mean": 1.0691955089569092,
    "beta_source": "tuned",
    "gamma_source": "fixed_config",
    "mala_acceptance": 0.8776745200157166
  },
  "calibration_epsilons": [
    1e-06,
    1e-05,
    0.0001,
    0.001
  ],
  "model_parameters": 699066,
  "checkpoint_name": "checkpoint-s:473_gamma_1.0"
}