{
  "optimal_params": {
    "epsilon": 9.999999999999999e-06,
    "gamma": 10.0,
    "nbeta": 0.8207331788168325,
    "llc_mean": 0.21921320259571075,
    "llc_std": 0.08871708065271378,
    "llc_std_over_mean": 0.33837369084358215,
    "beta_source": "tuned",
    "gamma_source": "fixed_config",
    "mala_acceptance": 0.8624424934387207
  },
  "calibration_epsilons": [
    1e-06,
    1e-05,
    0.0001,
    0.001
  ],
  "model_parameters": 699066,
  "checkpoint_name": "checkpoint-s:55_gamma_10.0"
}