{
  "optimal_params": {
    "epsilon": 1e-06,
    "gamma": 5000.0,
    "nbeta": 259.5386196331449,
    "llc_mean": 2.740492582321167,
    "llc_std": 9.637327194213867,
    "llc_std_over_mean": 3.5353026390075684,
    "beta_source": "tuned",
    "gamma_source": "fixed_config",
    "mala_acceptance": 0.5004785060882568
  },
  "calibration_epsilons": [
    1e-06,
    1e-05,
    0.0001,
    0.001
  ],
  "model_parameters": 699066,
  "checkpoint_name": "checkpoint-s:55_gamma_5000.0"
}