{
  "optimal_params": {
    "epsilon": 9.999999999999999e-06,
    "gamma": 20.0,
    "nbeta": 0.8207331788168325,
    "llc_mean": 0.5418212413787842,
    "llc_std": 0.25751712918281555,
    "llc_std_over_mean": 0.38634493947029114,
    "beta_source": "tuned",
    "gamma_source": "fixed_config",
    "mala_acceptance": 0.8612717986106873
  },
  "calibration_epsilons": [
    1e-06,
    1e-05,
    0.0001,
    0.001
  ],
  "model_parameters": 699066,
  "checkpoint_name": "checkpoint-s:473_gamma_20.0"
}