{
  "optimal_params": {
    "epsilon": 1e-06,
    "gamma": 10.0,
    "nbeta": 0.8207331788168325,
    "llc_mean": 0.04582447558641434,
    "llc_std": 0.04685210436582565,
    "llc_std_over_mean": 1.4021002054214478,
    "beta_source": "tuned",
    "gamma_source": "fixed_config",
    "mala_acceptance": 0.8502086400985718
  },
  "calibration_epsilons": [
    1e-06,
    1e-05,
    0.0001,
    0.001
  ],
  "model_parameters": 699066,
  "checkpoint_name": "checkpoint-s:224398_gamma_10.0"
}