{
  "optimal_params": {
    "epsilon": 9.999999999999999e-06,
    "gamma": 100.0,
    "nbeta": 0.8207331788168325,
    "llc_mean": 4.295543670654297,
    "llc_std": 3.7409896850585938,
    "llc_std_over_mean": 0.7796593904495239,
    "beta_source": "tuned",
    "gamma_source": "fixed_config",
    "mala_acceptance": 0.5442159175872803
  },
  "calibration_epsilons": [
    1e-06,
    1e-05,
    0.0001,
    0.001
  ],
  "model_parameters": 699066,
  "checkpoint_name": "checkpoint-s:500000_gamma_100.0"
}