{
  "optimal_params": {
    "epsilon": 1e-06,
    "gamma": 50.0,
    "nbeta": 0.8207331788168325,
    "llc_mean": 0.02325833961367607,
    "llc_std": 0.009758410044014454,
    "llc_std_over_mean": 0.7912692427635193,
    "beta_source": "tuned",
    "gamma_source": "fixed_config",
    "mala_acceptance": 0.8769974708557129
  },
  "calibration_epsilons": [
    1e-06,
    1e-05,
    0.0001,
    0.001
  ],
  "model_parameters": 699066,
  "checkpoint_name": "checkpoint-s:9017_gamma_50.0"
}