{
  "optimal_params": {
    "epsilon": 1e-06,
    "gamma": 50000.0,
    "nbeta": 0.8207331788168325,
    "llc_mean": 0.15688075125217438,
    "llc_std": 0.1952403485774994,
    "llc_std_over_mean": 1.4746164083480835,
    "beta_source": "tuned",
    "gamma_source": "fixed_config",
    "mala_acceptance": 0.5292016863822937
  },
  "calibration_epsilons": [
    1e-06,
    1e-05,
    0.0001,
    0.001
  ],
  "model_parameters": 699066,
  "checkpoint_name": "checkpoint-s:383418_gamma_50000.0"
}