{
  "optimal_params": {
    "epsilon": 1e-06,
    "gamma": 200.0,
    "nbeta": 0.8207331788168325,
    "llc_mean": 0.010742224752902985,
    "llc_std": 0.023242363706231117,
    "llc_std_over_mean": 2.304868698120117,
    "beta_source": "tuned",
    "gamma_source": "fixed_config",
    "mala_acceptance": 0.8755886554718018
  },
  "calibration_epsilons": [
    1e-06,
    1e-05,
    0.0001,
    0.001
  ],
  "model_parameters": 699066,
  "checkpoint_name": "checkpoint-s:24_gamma_200.0"
}