{
  "optimal_params": {
    "epsilon": 9.999999999999999e-06,
    "gamma": 10000.0,
    "nbeta": 0.8207331788168325,
    "llc_mean": 0.021623630076646805,
    "llc_std": 0.023368265479803085,
    "llc_std_over_mean": 1.0320255756378174,
    "beta_source": "tuned",
    "gamma_source": "fixed_config",
    "mala_acceptance": 0.5265188217163086
  },
  "calibration_epsilons": [
    1e-06,
    1e-05,
    0.0001,
    0.001
  ],
  "model_parameters": 699066,
  "checkpoint_name": "checkpoint-s:15408_gamma_10000.0"
}