{
  "optimal_params": {
    "epsilon": 1e-06,
    "gamma": 5000.0,
    "nbeta": 259.5386196331449,
    "llc_mean": 12.390348434448242,
    "llc_std": 10.860844612121582,
    "llc_std_over_mean": 0.9569980502128601,
    "beta_source": "tuned",
    "gamma_source": "fixed_config",
    "mala_acceptance": 0.4561298191547394
  },
  "calibration_epsilons": [
    1e-06,
    1e-05,
    0.0001,
    0.001
  ],
  "model_parameters": 699066,
  "checkpoint_name": "checkpoint-s:1382_gamma_5000.0"
}