{
  "optimal_params": {
    "epsilon": 1e-06,
    "gamma": 5000.0,
    "nbeta": 259.5386196331449,
    "llc_mean": 2.1006007194519043,
    "llc_std": 3.7657742500305176,
    "llc_std_over_mean": 2.161280632019043,
    "beta_source": "tuned",
    "gamma_source": "fixed_config",
    "mala_acceptance": 0.4580553472042084
  },
  "calibration_epsilons": [
    1e-06,
    1e-05,
    0.0001,
    0.001
  ],
  "model_parameters": 699066,
  "checkpoint_name": "checkpoint-s:15408_gamma_5000.0"
}