{
  "calibrated_steps": [
    383418,
    500000
  ],
  "calibrated_parameters": [
    {
      "epsilon": 1e-06,
      "gamma": 50000.0,
      "nbeta": 0.8207331788168325,
      "llc_mean": 0.15688075125217438,
      "llc_std": 0.1952403485774994,
      "llc_std_over_mean": 1.4746164083480835,
      "beta_source": "tuned",
      "gamma_source": "fixed_config",
      "mala_acceptance": 0.5292016863822937,
      "mala_distance": 0.39079831361770634
    },
    {
      "epsilon": 9.999999999999999e-05,
      "gamma": 10000.0,
      "nbeta": 0.8207331788168325,
      "llc_mean": -0.6795240044593811,
      "llc_std": 0.6226558089256287,
      "llc_std_over_mean": -1.0896438360214233,
      "beta_source": "tuned",
      "gamma_source": "fixed_config",
      "mala_acceptance": 0.6111111044883728,
      "mala_distance": 0.30888889551162724
    }
  ],
  "lookup_method": "nearest_neighbor",
  "description": "Uses parameters from the nearest calibrated checkpoint"
}