{
  "optimal_params": {
    "epsilon": 1e-06,
    "gamma": 100.0,
    "nbeta": 0.8207331788168325,
    "llc_mean": 0.027984917163848877,
    "llc_std": 0.014826220460236073,
    "llc_std_over_mean": 0.6108545660972595,
    "beta_source": "tuned",
    "gamma_source": "fixed_config",
    "mala_acceptance": 0.874675452709198
  },
  "calibration_epsilons": [
    1e-06,
    1e-05,
    0.0001,
    0.001
  ],
  "model_parameters": 699066,
  "checkpoint_name": "checkpoint-s:100471_gamma_100.0"
}