{
  "optimal_params": {
    "epsilon": 9.999999999999999e-06,
    "gamma": 10000.0,
    "nbeta": 82.07331788168325,
    "llc_mean": 0.016148630529642105,
    "llc_std": 0.03428119421005249,
    "llc_std_over_mean": 2.6545703411102295,
    "beta_source": "default",
    "gamma_source": "fixed_config",
    "mala_acceptance": 0.5165936946868896
  },
  "calibration_epsilons": [
    1e-06,
    1e-05,
    0.0001,
    0.001
  ],
  "model_parameters": 699066,
  "checkpoint_name": "checkpoint-s:162_gamma_10000.0"
}